run_order,method,n_years,n_points,algo,repeat,time_s
1,gaussian,100,25540,nufft,0,0.34653126006014645
2,gaussian,100,25540,nufft,1,0.2880128719843924
3,gaussian,100,25540,nufft,2,0.29184265597723424
4,gaussian,100,25540,realspace,0,0.457319671055302
5,gaussian,100,25540,realspace,1,0.45482584298588336
6,gaussian,100,25540,realspace,2,0.45364794484339654
7,rectangle,4,1020,nufft,0,0.013084026984870434
8,rectangle,4,1020,nufft,1,0.007217851001769304
9,rectangle,4,1020,nufft,2,0.007146602030843496
10,rectangle,4,1020,realspace,0,0.00180238694883883
11,rectangle,4,1020,realspace,1,0.0018443898297846317
12,rectangle,4,1020,realspace,2,0.0017127830069512129
13,rectangle,4,1020,pastas,0,0.05592153314501047
14,rectangle,4,1020,pastas,1,0.051473117899149656
15,rectangle,4,1020,pastas,2,0.05123370490036905
16,rectangle,4,1020,pastas,3,0.050280487863346934
17,rectangle,4,1020,pastas,4,0.05128285801038146
18,rectangle,4,1020,pastas,5,0.05475038196891546
19,rectangle,64,16366,nufft,0,0.13966830680146813
20,rectangle,64,16366,nufft,1,0.10642144293524325
21,rectangle,64,16366,nufft,2,0.11053396994248033
22,rectangle,64,16366,realspace,0,0.022343840915709734
23,rectangle,64,16366,realspace,1,0.022113925078883767
24,rectangle,64,16366,realspace,2,0.02226457605138421
25,gaussian,4,1020,nufft,0,0.01936267502605915
26,gaussian,4,1020,nufft,1,0.013931421097368002
27,gaussian,4,1020,nufft,2,0.014355765888467431
28,gaussian,4,1020,realspace,0,0.018987704999744892
29,gaussian,4,1020,realspace,1,0.01749813207425177
30,gaussian,4,1020,realspace,2,0.018843991914764047
31,gaussian,4,1020,pastas,0,0.059384871972724795
32,gaussian,4,1020,pastas,1,0.05696397693827748
33,gaussian,4,1020,pastas,2,0.05623563891276717
34,gaussian,4,1020,pastas,3,0.05613501486368477
35,gaussian,4,1020,pastas,4,0.058630501851439476
36,gaussian,4,1020,pastas,5,0.05688678892329335
37,rectangle,16,4040,nufft,0,0.023586269933730364
38,rectangle,16,4040,nufft,1,0.015407516155391932
39,rectangle,16,4040,nufft,2,0.015170262893661857
40,rectangle,16,4040,realspace,0,0.006013567093759775
41,rectangle,16,4040,realspace,1,0.0060013518668711185
42,rectangle,16,4040,realspace,2,0.005932519910857081
43,rectangle,16,4040,pastas,0,0.7448945639189333
44,rectangle,16,4040,pastas,1,0.7429581282194704
45,rectangle,16,4040,pastas,2,0.7429401299450547
46,rectangle,16,4040,pastas,3,0.7421871789265424
47,rectangle,16,4040,pastas,4,0.7408330661710352
48,rectangle,16,4040,pastas,5,0.7436636530328542
49,gaussian,8,2036,nufft,0,0.027930412907153368
50,gaussian,8,2036,nufft,1,0.026398210786283016
51,gaussian,8,2036,nufft,2,0.024839543970301747
52,gaussian,8,2036,realspace,0,0.0360412341542542
53,gaussian,8,2036,realspace,1,0.03578567900694907
54,gaussian,8,2036,realspace,2,0.035395239014178514
55,gaussian,8,2036,pastas,0,0.1951872380450368
56,gaussian,8,2036,pastas,1,0.19406463508494198
57,gaussian,8,2036,pastas,2,0.19766530999913812
58,gaussian,8,2036,pastas,3,0.19422784284688532
59,gaussian,8,2036,pastas,4,0.1945736960042268
60,gaussian,8,2036,pastas,5,0.1970042099710554
61,rectangle,100,25540,nufft,0,0.12267311802133918
62,rectangle,100,25540,nufft,1,0.10074899112805724
63,rectangle,100,25540,nufft,2,0.09794760402292013
64,rectangle,100,25540,realspace,0,0.03472975385375321
65,rectangle,100,25540,realspace,1,0.03449667897075415
66,rectangle,100,25540,realspace,2,0.034693675115704536
67,rectangle,2,513,nufft,0,0.015333947958424687
68,rectangle,2,513,nufft,1,0.00617651897482574
69,rectangle,2,513,nufft,2,0.006237163208425045
70,rectangle,2,513,realspace,0,0.0009908110368996859
71,rectangle,2,513,realspace,1,0.0010074200108647346
72,rectangle,2,513,realspace,2,0.00097824283875525
73,rectangle,2,513,pastas,0,0.01979374000802636
74,rectangle,2,513,pastas,1,0.015391797991469502
75,rectangle,2,513,pastas,2,0.015115277143195271
76,rectangle,2,513,pastas,3,0.014941443921998143
77,rectangle,2,513,pastas,4,0.016159028047695756
78,rectangle,2,513,pastas,5,0.015211120946332812
79,rectangle,32,8130,nufft,0,0.15477644512429833
80,rectangle,32,8130,nufft,1,0.03854333399794996
81,rectangle,32,8130,nufft,2,0.03866833099164069
82,rectangle,32,8130,realspace,0,0.011609666980803013
83,rectangle,32,8130,realspace,1,0.011515910038724542
84,rectangle,32,8130,realspace,2,0.01158843981102109
85,rectangle,32,8130,pastas,0,2.993562159128487
86,rectangle,32,8130,pastas,1,3.0385588731151074
87,rectangle,32,8130,pastas,2,3.0023793131113052
88,rectangle,32,8130,pastas,3,3.034918251913041
89,rectangle,32,8130,pastas,4,3.029225021135062
90,rectangle,32,8130,pastas,5,3.1046825009398162
91,gaussian,1,251,nufft,0,0.009082644945010543
92,gaussian,1,251,nufft,1,0.006203554105013609
93,gaussian,1,251,nufft,2,0.0058772319462150335
94,gaussian,1,251,realspace,0,0.004259137902408838
95,gaussian,1,251,realspace,1,0.004215304972603917
96,gaussian,1,251,realspace,2,0.004076882032677531
97,gaussian,1,251,pastas,0,0.009533001109957695
98,gaussian,1,251,pastas,1,0.008426705142483115
99,gaussian,1,251,pastas,2,0.008057980798184872
100,gaussian,1,251,pastas,3,0.007716139080002904
101,gaussian,1,251,pastas,4,0.007692627841606736
102,gaussian,1,251,pastas,5,0.007505768910050392
103,rectangle,8,2036,nufft,0,0.013854366028681397
104,rectangle,8,2036,nufft,1,0.009501999011263251
105,rectangle,8,2036,nufft,2,0.009788103867322206
106,rectangle,8,2036,realspace,0,0.004662813851609826
107,rectangle,8,2036,realspace,1,0.003228822024539113
108,rectangle,8,2036,realspace,2,0.0032450619619339705
109,rectangle,8,2036,pastas,0,0.19240711210295558
110,rectangle,8,2036,pastas,1,0.1941806860268116
111,rectangle,8,2036,pastas,2,0.19217995810322464
112,rectangle,8,2036,pastas,3,0.19205106608569622
113,rectangle,8,2036,pastas,4,0.19062900892458856
114,rectangle,8,2036,pastas,5,0.19371696189045906
115,rectangle,1,251,nufft,0,0.005088919075205922
116,rectangle,1,251,nufft,1,0.004896357888355851
117,rectangle,1,251,nufft,2,0.004562491085380316
118,rectangle,1,251,realspace,0,0.0006628800183534622
119,rectangle,1,251,realspace,1,0.000650001922622323
120,rectangle,1,251,realspace,2,0.0006285901181399822
121,rectangle,1,251,pastas,0,0.007049725856631994
122,rectangle,1,251,pastas,1,0.006012597121298313
123,rectangle,1,251,pastas,2,0.008961149957031012
124,rectangle,1,251,pastas,3,0.010730580892413855
125,rectangle,1,251,pastas,4,0.011165553936734796
126,rectangle,1,251,pastas,5,0.010312819154933095
127,gaussian,2,513,nufft,0,0.013956831069663167
128,gaussian,2,513,nufft,1,0.011494738049805164
129,gaussian,2,513,nufft,2,0.012245957972481847
130,gaussian,2,513,realspace,0,0.009919048054143786
131,gaussian,2,513,realspace,1,0.008790332125499845
132,gaussian,2,513,realspace,2,0.008911254117265344
133,gaussian,2,513,pastas,0,0.01977362483739853
134,gaussian,2,513,pastas,1,0.01916336198337376
135,gaussian,2,513,pastas,2,0.020027233986184
136,gaussian,2,513,pastas,3,0.021783468080684543
137,gaussian,2,513,pastas,4,0.019967174157500267
138,gaussian,2,513,pastas,5,0.019475960871204734
139,gaussian,16,4040,nufft,0,0.052847933024168015
140,gaussian,16,4040,nufft,1,0.0465650181286037
141,gaussian,16,4040,nufft,2,0.046026763040572405
142,gaussian,16,4040,realspace,0,0.07552960398606956
143,gaussian,16,4040,realspace,1,0.07445533690042794
144,gaussian,16,4040,realspace,2,0.07401938200928271
145,gaussian,16,4040,pastas,0,0.7369174109771848
146,gaussian,16,4040,pastas,1,0.7378477049060166
147,gaussian,16,4040,pastas,2,0.7416032450273633
148,gaussian,16,4040,pastas,3,0.7407427569851279
149,gaussian,16,4040,pastas,4,0.7473319310229272
150,gaussian,16,4040,pastas,5,0.7412789848167449
151,gaussian,64,16366,nufft,0,0.24947058409452438
152,gaussian,64,16366,nufft,1,0.24795701308175921
153,gaussian,64,16366,nufft,2,0.23541719908826053
154,gaussian,64,16366,realspace,0,0.3154021520167589
155,gaussian,64,16366,realspace,1,0.31111862999387085
156,gaussian,64,16366,realspace,2,0.3170105789322406
157,gaussian,32,8130,nufft,0,0.11145695904269814
158,gaussian,32,8130,nufft,1,0.10664751497097313
159,gaussian,32,8130,nufft,2,0.1078371440526098
160,gaussian,32,8130,realspace,0,0.1558388601988554
161,gaussian,32,8130,realspace,1,0.15489025716669858
162,gaussian,32,8130,realspace,2,0.15419108397327363
163,gaussian,32,8130,pastas,0,2.942854437045753
164,gaussian,32,8130,pastas,1,2.9445993390399963
165,gaussian,32,8130,pastas,2,2.9783386210910976
166,gaussian,32,8130,pastas,3,2.9541719190310687
167,gaussian,32,8130,pastas,4,2.9841685488354415
168,gaussian,32,8130,pastas,5,2.9636494829319417
